airline,origin,departure,stops,arrival,destination,class,duration,days_remain,price
Air_India,Delhi,Morning,one,Early_Morning,Kolkata,Economy,19.8,40,84.1
Vistara,Kolkata,Morning,one,Night,Mumbai,Business,9.8,42,740.4
Vistara,Kolkata,Morning,one,Night,Bangalore,Economy,10.5,41,70.7
Vistara,Chennai,Night,one,Morning,Delhi,Business,14.5,14,687.0
Air_India,Bangalore,Afternoon,one,Night,Mumbai,Economy,8.2,20,75.1
AirAsia,Kolkata,Early_Morning,one,Afternoon,Bangalore,Economy,10.8,5,52.0
Vistara,Chennai,Afternoon,zero,Afternoon,Mumbai,Business,2.0,7,272.2
Indigo,Kolkata,Early_Morning,one,Afternoon,Bangalore,Economy,7.8,46,44.1
Air_India,Mumbai,Night,one,Night,Chennai,Business,26.3,44,368.1
Vistara,Delhi,Night,one,Evening,Kolkata,Business,20.2,2,877.5
Vistara,Hyderabad,Night,one,Evening,Bangalore,Business,21.7,42,435.1
Air_India,Bangalore,Night,one,Afternoon,Kolkata,Business,17.5,23,691.0
AirAsia,Chennai,Morning,two_or_more,Night,Delhi,Economy,13.5,25,28.3
SpiceJet,Mumbai,Morning,one,Evening,Chennai,Economy,6.8,19,82.5
Vistara,Delhi,Afternoon,zero,Evening,Bangalore,Business,2.8,26,375.2
Air_India,Mumbai,Evening,zero,Evening,Bangalore,Business,1.8,47,236.2
Vistara,Bangalore,Evening,one,Morning,Mumbai,Economy,14.1,26,82.4
AirAsia,Bangalore,Morning,one,Night,Mumbai,Economy,10.9,17,88.6
Air_India,Mumbai,Evening,zero,Night,Delhi,Business,2.2,33,252.8
Vistara,Delhi,Early_Morning,two_or_more,Evening,Kolkata,Economy,14.0,44,119.0
Vistara,Bangalore,Early_Morning,one,Night,Mumbai,Economy,15.1,39,54.7
Air_India,Mumbai,Early_Morning,one,Night,Chennai,Business,16.5,20,566.6
Air_India,Kolkata,Afternoon,one,Evening,Chennai,Economy,29.5,34,56.7
Vistara,Kolkata,Morning,one,Evening,Bangalore,Business,8.6,49,696.4
Air_India,Delhi,Early_Morning,zero,Morning,Mumbai,Business,2.1,15,343.7
GO_FIRST,Delhi,Evening,zero,Night,Mumbai,Economy,2.2,39,27.5
Vistara,Hyderabad,Night,one,Night,Kolkata,Business,26.2,26,591.8
Vistara,Kolkata,Morning,two_or_more,Evening,Bangalore,Economy,9.0,48,88.7
SpiceJet,Delhi,Evening,zero,Night,Mumbai,Economy,2.3,4,68.0
Indigo,Bangalore,Morning,one,Night,Hyderabad,Economy,9.6,9,80.2
Vistara,Delhi,Morning,one,Evening,Kolkata,Business,10.4,16,684.4
Air_India,Delhi,Early_Morning,one,Early_Morning,Kolkata,Business,23.1,14,655.6
Indigo,Delhi,Early_Morning,zero,Morning,Bangalore,Economy,2.9,7,84.8
Air_India,Delhi,Night,zero,Night,Hyderabad,Economy,2.2,12,68.0
GO_FIRST,Hyderabad,Morning,one,Night,Delhi,Economy,13.0,20,70.0
Air_India,Mumbai,Morning,one,Morning,Hyderabad,Economy,24.9,48,35.4
Vistara,Kolkata,Morning,one,Night,Mumbai,Business,11.8,24,804.3
AirAsia,Hyderabad,Afternoon,one,Night,Kolkata,Economy,6.8,13,60.4
Vistara,Hyderabad,Early_Morning,one,Morning,Kolkata,Business,26.8,31,591.8
Vistara,Mumbai,Morning,zero,Afternoon,Hyderabad,Economy,1.5,35,39.4
Vistara,Delhi,Evening,one,Early_Morning,Bangalore,Economy,12.8,22,55.9
Indigo,Bangalore,Afternoon,one,Evening,Delhi,Economy,5.2,18,45.7
Vistara,Delhi,Afternoon,one,Early_Morning,Hyderabad,Economy,17.5,5,112.4
SpiceJet,Mumbai,Night,one,Morning,Kolkata,Economy,11.3,31,66.4
Air_India,Mumbai,Evening,one,Morning,Delhi,Business,16.2,24,607.0
Air_India,Bangalore,Night,one,Afternoon,Mumbai,Economy,15.8,10,105.9
AirAsia,Hyderabad,Night,one,Morning,Kolkata,Economy,10.8,21,23.5
Vistara,Chennai,Afternoon,one,Evening,Delhi,Economy,5.6,34,59.5
Vistara,Mumbai,Early_Morning,one,Night,Hyderabad,Economy,14.9,12,102.6
AirAsia,Kolkata,Night,one,Afternoon,Bangalore,Economy,12.8,18,44.1
Air_India,Bangalore,Early_Morning,one,Night,Delhi,Business,13.7,21,485.6
Air_India,Delhi,Evening,one,Evening,Bangalore,Economy,24.7,40,48.3
GO_FIRST,Hyderabad,Early_Morning,zero,Early_Morning,Kolkata,Economy,1.8,15,60.4
Air_India,Chennai,Night,one,Evening,Mumbai,Economy,23.7,10,265.0
Air_India,Kolkata,Night,one,Evening,Chennai,Economy,22.5,39,56.7
Vistara,Kolkata,Evening,one,Morning,Mumbai,Economy,16.4,3,139.4
Indigo,Delhi,Afternoon,one,Evening,Bangalore,Economy,5.8,11,111.2
Indigo,Hyderabad,Early_Morning,one,Afternoon,Bangalore,Economy,9.1,15,55.2
AirAsia,Chennai,Night,zero,Late_Night,Kolkata,Economy,2.4,11,57.6
Air_India,Hyderabad,Night,one,Morning,Mumbai,Business,12.2,42,524.0
AirAsia,Bangalore,Evening,one,Late_Night,Kolkata,Economy,10.0,24,38.7
Vistara,Chennai,Early_Morning,one,Evening,Delhi,Economy,12.8,7,131.9
Indigo,Mumbai,Afternoon,one,Night,Hyderabad,Economy,8.5,6,132.6
GO_FIRST,Delhi,Evening,one,Early_Morning,Chennai,Economy,14.7,19,55.9
Indigo,Delhi,Early_Morning,one,Afternoon,Kolkata,Economy,5.8,7,112.6
Vistara,Mumbai,Early_Morning,one,Evening,Chennai,Business,8.8,43,732.9
Vistara,Hyderabad,Night,one,Evening,Mumbai,Business,22.7,46,614.8
Air_India,Kolkata,Morning,one,Morning,Hyderabad,Economy,26.2,2,173.2
Vistara,Kolkata,Evening,one,Morning,Hyderabad,Business,14.9,32,595.8
Indigo,Mumbai,Early_Morning,one,Morning,Hyderabad,Economy,3.4,39,65.4
Air_India,Hyderabad,Evening,one,Morning,Bangalore,Economy,17.0,6,108.9
Vistara,Mumbai,Afternoon,one,Night,Chennai,Economy,8.1,45,48.5
Vistara,Delhi,Morning,one,Night,Mumbai,Business,12.7,46,607.1
Vistara,Mumbai,Night,one,Morning,Chennai,Business,11.2,8,736.7
SpiceJet,Bangalore,Early_Morning,zero,Early_Morning,Mumbai,Economy,1.3,10,59.1
Air_India,Mumbai,Evening,one,Afternoon,Bangalore,Economy,18.5,44,74.3
Vistara,Delhi,Morning,one,Evening,Bangalore,Economy,8.2,48,51.3
Vistara,Chennai,Afternoon,one,Evening,Kolkata,Economy,31.1,18,193.2
Indigo,Mumbai,Evening,one,Night,Chennai,Economy,6.6,32,21.6
GO_FIRST,Delhi,Afternoon,one,Night,Mumbai,Economy,9.2,11,68.0
Vistara,Mumbai,Evening,zero,Evening,Chennai,Economy,2.1,46,33.1
Air_India,Delhi,Night,zero,Night,Kolkata,Economy,2.1,11,68.0
Air_India,Chennai,Morning,one,Night,Mumbai,Economy,12.8,28,65.6
Air_India,Hyderabad,Evening,zero,Evening,Delhi,Economy,2.2,13,70.0
Vistara,Kolkata,Morning,one,Night,Bangalore,Business,12.4,18,696.4
Vistara,Hyderabad,Night,one,Evening,Bangalore,Business,22.2,35,647.5
Vistara,Chennai,Afternoon,one,Morning,Bangalore,Business,20.3,40,504.1
Vistara,Bangalore,Evening,one,Night,Mumbai,Business,26.3,1,908.4
Indigo,Delhi,Afternoon,one,Night,Hyderabad,Economy,7.6,33,24.0
Vistara,Delhi,Afternoon,zero,Afternoon,Mumbai,Business,2.2,20,393.7
Vistara,Chennai,Night,one,Early_Morning,Bangalore,Business,11.3,38,504.1
Vistara,Bangalore,Evening,one,Morning,Kolkata,Business,13.8,13,825.3
Vistara,Kolkata,Afternoon,one,Morning,Bangalore,Business,17.3,23,910.9
Indigo,Delhi,Early_Morning,one,Morning,Kolkata,Economy,5.5,7,90.3
Air_India,Chennai,Early_Morning,one,Evening,Hyderabad,Economy,13.2,13,157.1
Air_India,Mumbai,Early_Morning,one,Night,Delhi,Economy,15.1,29,60.2
GO_FIRST,Delhi,Afternoon,one,Night,Chennai,Economy,8.0,34,55.9
Vistara,Chennai,Morning,one,Night,Mumbai,Economy,11.2,25,53.0
Indigo,Kolkata,Morning,one,Night,Bangalore,Economy,11.2,16,74.1
Vistara,Kolkata,Evening,one,Late_Night,Delhi,Economy,6.6,46,73.8
Vistara,Chennai,Early_Morning,one,Afternoon,Delhi,Economy,7.5,22,59.5
Vistara,Mumbai,Morning,zero,Morning,Chennai,Economy,2.1,23,76.3
Vistara,Mumbai,Early_Morning,one,Night,Bangalore,Economy,14.4,26,73.7
AirAsia,Delhi,Morning,zero,Afternoon,Bangalore,Economy,2.8,41,51.4
Air_India,Chennai,Early_Morning,one,Afternoon,Kolkata,Business,8.3,46,632.4
Air_India,Bangalore,Early_Morning,one,Night,Chennai,Economy,17.8,47,73.6
Air_India,Kolkata,Night,zero,Night,Delhi,Economy,2.5,9,74.1
Air_India,Delhi,Evening,one,Morning,Chennai,Economy,16.9,34,48.5
SpiceJet,Delhi,Evening,one,Evening,Bangalore,Economy,23.1,39,40.8
Air_India,Chennai,Early_Morning,one,Afternoon,Kolkata,Business,30.3,5,632.4
Air_India,Delhi,Night,one,Afternoon,Mumbai,Economy,16.5,20,76.8
AirAsia,Bangalore,Early_Morning,zero,Morning,Kolkata,Economy,2.5,45,38.7
Vistara,Bangalore,Evening,one,Early_Morning,Hyderabad,Economy,12.8,12,89.2
Air_India,Bangalore,Early_Morning,one,Night,Mumbai,Business,15.1,35,624.5
AirAsia,Mumbai,Afternoon,one,Night,Bangalore,Economy,7.5,11,58.3
Indigo,Delhi,Early_Morning,one,Morning,Chennai,Economy,5.8,42,45.6
Indigo,Bangalore,Night,one,Late_Night,Delhi,Economy,5.8,22,40.2
SpiceJet,Mumbai,Afternoon,one,Night,Kolkata,Economy,5.9,28,67.5
Air_India,Delhi,Evening,one,Afternoon,Kolkata,Economy,18.3,18,72.1
SpiceJet,Chennai,Afternoon,one,Afternoon,Mumbai,Economy,23.6,38,79.1
Vistara,Bangalore,Evening,one,Early_Morning,Mumbai,Business,12.3,47,765.2
Air_India,Delhi,Early_Morning,one,Evening,Chennai,Economy,12.8,18,84.1
Vistara,Bangalore,Early_Morning,one,Evening,Hyderabad,Economy,12.9,36,71.5
Air_India,Bangalore,Early_Morning,one,Night,Mumbai,Business,16.3,28,333.1
Vistara,Mumbai,Early_Morning,one,Afternoon,Delhi,Business,6.3,9,471.3
Air_India,Kolkata,Night,one,Evening,Mumbai,Economy,19.9,31,96.8
Vistara,Bangalore,Evening,one,Morning,Delhi,Business,12.7,48,575.1
Vistara,Hyderabad,Early_Morning,one,Night,Mumbai,Business,16.0,7,616.1
Vistara,Bangalore,Early_Morning,one,Morning,Delhi,Economy,26.4,2,123.9
Vistara,Chennai,Morning,one,Night,Kolkata,Economy,12.0,39,67.8
Indigo,Chennai,Morning,one,Evening,Mumbai,Economy,7.4,44,20.9
Vistara,Kolkata,Morning,one,Evening,Delhi,Economy,7.7,45,73.8
SpiceJet,Delhi,Evening,one,Early_Morning,Chennai,Economy,13.1,20,47.4
Vistara,Mumbai,Afternoon,one,Night,Kolkata,Business,8.1,33,823.7
Vistara,Mumbai,Afternoon,one,Night,Delhi,Business,5.6,26,607.0
Air_India,Bangalore,Evening,one,Early_Morning,Chennai,Economy,36.8,31,58.8
Air_India,Mumbai,Morning,one,Night,Kolkata,Economy,10.2,41,82.6
Vistara,Delhi,Morning,one,Night,Bangalore,Business,12.1,11,651.1
Vistara,Chennai,Night,one,Morning,Bangalore,Economy,14.2,17,96.1
Air_India,Delhi,Early_Morning,one,Morning,Mumbai,Economy,26.0,43,44.0
Indigo,Delhi,Morning,one,Afternoon,Chennai,Economy,5.4,43,23.4
Vistara,Kolkata,Morning,one,Night,Chennai,Economy,10.0,17,148.6
Vistara,Bangalore,Early_Morning,one,Afternoon,Mumbai,Economy,7.0,6,128.0
Air_India,Delhi,Afternoon,one,Early_Morning,Kolkata,Business,15.8,14,655.6
Indigo,Delhi,Early_Morning,one,Evening,Hyderabad,Economy,10.0,26,61.7
Air_India,Chennai,Evening,one,Afternoon,Kolkata,Economy,21.5,4,199.1
Air_India,Delhi,Morning,one,Night,Hyderabad,Business,10.8,45,485.9
Air_India,Mumbai,Night,one,Morning,Delhi,Economy,12.8,4,112.2
Vistara,Delhi,Evening,one,Early_Morning,Hyderabad,Business,15.1,38,539.2
Air_India,Hyderabad,Night,one,Evening,Delhi,Business,22.6,49,487.9
Vistara,Kolkata,Early_Morning,one,Afternoon,Mumbai,Business,6.8,14,650.8
Air_India,Delhi,Evening,one,Early_Morning,Chennai,Economy,13.3,4,131.6
Air_India,Chennai,Afternoon,one,Early_Morning,Hyderabad,Economy,16.3,41,44.3
Vistara,Delhi,Morning,one,Night,Mumbai,Business,11.2,27,607.1
Air_India,Delhi,Evening,one,Morning,Kolkata,Business,14.8,37,495.4
Vistara,Hyderabad,Early_Morning,one,Night,Mumbai,Economy,13.2,3,174.4
GO_FIRST,Mumbai,Afternoon,one,Night,Hyderabad,Economy,10.2,41,44.7
GO_FIRST,Kolkata,Morning,one,Evening,Mumbai,Economy,8.8,46,62.9
Vistara,Chennai,Evening,one,Evening,Kolkata,Business,26.4,43,651.6
Air_India,Kolkata,Evening,one,Evening,Mumbai,Economy,25.1,5,202.6
Vistara,Delhi,Morning,one,Night,Mumbai,Business,11.7,9,607.1
AirAsia,Delhi,Night,one,Morning,Kolkata,Economy,12.2,21,28.3
Vistara,Mumbai,Night,one,Evening,Chennai,Economy,18.4,24,49.7
Indigo,Delhi,Early_Morning,zero,Morning,Mumbai,Economy,2.2,26,27.5
GO_FIRST,Mumbai,Early_Morning,one,Evening,Hyderabad,Economy,12.1,12,48.7
Air_India,Bangalore,Early_Morning,two_or_more,Evening,Mumbai,Economy,13.5,10,137.1
AirAsia,Bangalore,Afternoon,two_or_more,Night,Kolkata,Economy,10.3,4,59.1
Air_India,Kolkata,Evening,one,Morning,Mumbai,Economy,13.2,19,72.7
GO_FIRST,Mumbai,Morning,one,Evening,Delhi,Economy,7.5,13,67.9
GO_FIRST,Hyderabad,Night,one,Morning,Bangalore,Economy,10.3,32,71.4
Vistara,Hyderabad,Afternoon,one,Morning,Delhi,Business,19.2,4,496.0
Vistara,Delhi,Morning,one,Early_Morning,Hyderabad,Economy,21.5,17,65.9
Indigo,Hyderabad,Evening,zero,Evening,Mumbai,Economy,1.5,7,56.3
Indigo,Hyderabad,Morning,zero,Afternoon,Kolkata,Economy,2.1,15,70.0
Indigo,Hyderabad,Evening,one,Night,Kolkata,Economy,5.0,45,23.5
Vistara,Bangalore,Early_Morning,one,Evening,Delhi,Business,13.1,12,575.1
Vistara,Kolkata,Evening,one,Night,Chennai,Business,28.0,20,639.3
Vistara,Kolkata,Evening,two_or_more,Early_Morning,Mumbai,Business,13.2,40,805.6
Indigo,Mumbai,Evening,zero,Night,Chennai,Economy,2.1,19,34.3
Air_India,Mumbai,Evening,zero,Night,Delhi,Business,2.2,12,252.8
SpiceJet,Delhi,Morning,one,Afternoon,Kolkata,Economy,4.9,28,108.6
GO_FIRST,Bangalore,Morning,zero,Morning,Mumbai,Economy,1.7,16,55.4
Vistara,Kolkata,Morning,one,Late_Night,Delhi,Economy,13.8,46,73.8
Vistara,Delhi,Evening,one,Evening,Kolkata,Economy,23.1,13,157.9
Vistara,Kolkata,Evening,one,Night,Bangalore,Economy,25.7,6,141.5
Indigo,Bangalore,Night,zero,Night,Mumbai,Economy,2.0,24,26.4
Air_India,Chennai,Evening,one,Night,Mumbai,Economy,28.2,1,295.0
Indigo,Delhi,Evening,one,Late_Night,Bangalore,Economy,9.2,36,38.3
Vistara,Kolkata,Evening,one,Early_Morning,Hyderabad,Economy,14.2,19,86.5
GO_FIRST,Mumbai,Night,one,Morning,Hyderabad,Economy,9.7,23,37.5
Air_India,Mumbai,Morning,one,Evening,Hyderabad,Economy,9.3,20,52.5
Vistara,Mumbai,Evening,one,Morning,Bangalore,Economy,15.1,28,81.5
Vistara,Chennai,Afternoon,one,Morning,Bangalore,Business,20.3,37,504.1
Vistara,Delhi,Early_Morning,one,Evening,Kolkata,Economy,12.4,36,82.5
Air_India,Bangalore,Morning,two_or_more,Night,Hyderabad,Economy,13.2,15,179.1
Vistara,Hyderabad,Early_Morning,one,Afternoon,Delhi,Economy,6.5,46,66.5
Vistara,Chennai,Early_Morning,one,Evening,Delhi,Economy,12.8,22,64.0
Air_India,Hyderabad,Early_Morning,one,Afternoon,Mumbai,Economy,6.3,10,88.8
Vistara,Chennai,Evening,one,Morning,Mumbai,Economy,18.2,46,47.0
Indigo,Kolkata,Early_Morning,one,Morning,Bangalore,Economy,4.7,6,163.3
Indigo,Kolkata,Morning,zero,Afternoon,Bangalore,Economy,2.8,37,45.9
Indigo,Kolkata,Early_Morning,one,Morning,Hyderabad,Economy,5.2,22,65.1
Air_India,Hyderabad,Night,one,Night,Mumbai,Economy,26.6,10,125.2
Air_India,Delhi,Evening,one,Afternoon,Kolkata,Business,19.4,27,369.4
Air_India,Mumbai,Morning,one,Night,Kolkata,Economy,12.3,27,56.8
Vistara,Chennai,Morning,one,Evening,Hyderabad,Business,6.2,35,587.6
Vistara,Delhi,Morning,zero,Morning,Bangalore,Business,2.8,24,375.2
Vistara,Delhi,Early_Morning,one,Morning,Mumbai,Economy,5.5,22,71.9
SpiceJet,Chennai,Afternoon,one,Afternoon,Mumbai,Economy,23.6,17,127.6
GO_FIRST,Kolkata,Afternoon,one,Night,Delhi,Economy,11.0,31,72.2
Air_India,Hyderabad,Afternoon,one,Night,Delhi,Business,7.5,10,509.1
Air_India,Kolkata,Morning,zero,Afternoon,Mumbai,Economy,2.8,20,42.5
Air_India,Mumbai,Evening,one,Morning,Bangalore,Economy,13.9,33,69.5
GO_FIRST,Delhi,Afternoon,zero,Evening,Mumbai,Economy,2.2,39,27.5
Air_India,Kolkata,Night,one,Morning,Mumbai,Economy,13.7,46,63.1
Vistara,Delhi,Evening,one,Evening,Kolkata,Business,24.1,25,697.2
Indigo,Bangalore,Morning,one,Evening,Kolkata,Economy,7.8,28,59.1
Air_India,Mumbai,Morning,one,Afternoon,Bangalore,Business,25.7,24,485.9
Indigo,Chennai,Morning,one,Evening,Mumbai,Economy,6.7,5,112.1
Air_India,Bangalore,Evening,one,Afternoon,Chennai,Business,18.8,43,689.7
Vistara,Delhi,Early_Morning,one,Evening,Kolkata,Business,13.9,46,839.2
Air_India,Hyderabad,Early_Morning,one,Evening,Kolkata,Business,12.7,33,590.5
Vistara,Mumbai,Early_Morning,one,Evening,Bangalore,Economy,9.5,34,81.5
Indigo,Mumbai,Morning,one,Evening,Delhi,Economy,7.8,12,90.3
Indigo,Mumbai,Morning,one,Evening,Kolkata,Economy,6.7,13,126.6
Vistara,Delhi,Night,one,Morning,Chennai,Economy,12.2,20,56.9
Vistara,Chennai,Night,zero,Night,Delhi,Economy,2.8,21,26.6
Vistara,Mumbai,Evening,one,Night,Chennai,Economy,26.7,41,61.1
Indigo,Delhi,Morning,zero,Morning,Bangalore,Economy,2.9,17,51.4
Air_India,Bangalore,Morning,one,Afternoon,Hyderabad,Business,24.6,11,427.5
Vistara,Delhi,Morning,one,Night,Bangalore,Economy,10.6,31,51.3
AirAsia,Bangalore,Night,one,Late_Night,Mumbai,Economy,5.7,17,59.1
Vistara,Delhi,Early_Morning,one,Afternoon,Hyderabad,Economy,4.8,43,70.5
Vistara,Kolkata,Evening,one,Morning,Chennai,Economy,15.2,47,80.2
GO_FIRST,Hyderabad,Morning,zero,Afternoon,Delhi,Economy,2.3,46,26.0
Air_India,Chennai,Early_Morning,one,Evening,Delhi,Business,11.9,30,516.0
Vistara,Mumbai,Night,one,Morning,Delhi,Business,12.8,41,586.7
AirAsia,Bangalore,Evening,zero,Evening,Chennai,Economy,1.2,36,18.3
Air_India,Hyderabad,Morning,one,Morning,Chennai,Business,26.5,19,466.4
GO_FIRST,Bangalore,Evening,one,Late_Night,Delhi,Economy,5.8,24,46.0
Air_India,Bangalore,Early_Morning,one,Night,Mumbai,Economy,16.0,48,75.1
Vistara,Bangalore,Morning,zero,Afternoon,Delhi,Economy,2.7,41,51.4
Air_India,Bangalore,Late_Night,one,Night,Hyderabad,Business,18.6,32,507.4
SpiceJet,Bangalore,Early_Morning,one,Evening,Mumbai,Economy,13.1,11,145.5
Vistara,Mumbai,Evening,one,Evening,Chennai,Business,21.8,16,732.9
Vistara,Delhi,Afternoon,one,Morning,Mumbai,Business,19.2,29,471.4
Air_India,Chennai,Morning,two_or_more,Evening,Bangalore,Economy,34.0,7,146.3
Vistara,Chennai,Night,one,Morning,Kolkata,Business,13.2,43,626.9
Air_India,Delhi,Evening,one,Evening,Bangalore,Economy,22.5,14,88.0
Vistara,Hyderabad,Evening,one,Morning,Bangalore,Business,15.0,37,722.6
Vistara,Mumbai,Early_Morning,one,Evening,Kolkata,Business,13.6,36,587.0
Vistara,Kolkata,Morning,two_or_more,Morning,Chennai,Economy,22.6,22,209.0
Air_India,Kolkata,Afternoon,one,Morning,Delhi,Business,18.2,46,549.1
Vistara,Bangalore,Evening,one,Evening,Hyderabad,Economy,21.3,22,71.5
Air_India,Delhi,Afternoon,one,Afternoon,Mumbai,Economy,24.8,10,140.4
Air_India,Kolkata,Evening,one,Night,Delhi,Business,26.3,30,661.7
Vistara,Hyderabad,Night,one,Evening,Mumbai,Business,19.9,6,616.1
Vistara,Delhi,Morning,one,Early_Morning,Hyderabad,Business,22.3,14,526.4
Vistara,Kolkata,Morning,one,Evening,Hyderabad,Economy,6.8,30,115.8
Air_India,Chennai,Early_Morning,one,Night,Hyderabad,Business,17.4,29,586.4
Air_India,Hyderabad,Early_Morning,one,Night,Mumbai,Economy,15.7,33,49.8
Indigo,Bangalore,Morning,zero,Afternoon,Chennai,Economy,1.2,31,22.0
AirAsia,Delhi,Morning,one,Evening,Chennai,Economy,7.8,21,22.8
Vistara,Hyderabad,Morning,one,Late_Night,Delhi,Business,15.7,41,592.4
Indigo,Delhi,Early_Morning,one,Morning,Kolkata,Economy,5.5,12,68.0
Vistara,Bangalore,Morning,one,Night,Mumbai,Economy,11.5,11,128.0
Air_India,Bangalore,Afternoon,one,Night,Mumbai,Economy,31.4,14,164.1
Vistara,Delhi,Evening,one,Evening,Kolkata,Economy,21.0,34,75.1
Vistara,Delhi,Evening,one,Early_Morning,Hyderabad,Economy,12.0,35,65.9
Air_India,Hyderabad,Night,one,Night,Kolkata,Business,25.5,18,590.5
GO_FIRST,Hyderabad,Night,one,Early_Morning,Mumbai,Economy,11.7,45,43.0
Vistara,Delhi,Early_Morning,one,Afternoon,Mumbai,Business,7.3,38,728.8
GO_FIRST,Mumbai,Night,zero,Night,Kolkata,Economy,2.6,34,51.4
Air_India,Kolkata,Night,zero,Night,Delhi,Business,2.5,13,325.6
Air_India,Delhi,Evening,one,Morning,Mumbai,Business,15.8,20,582.1
Vistara,Bangalore,Early_Morning,one,Evening,Delhi,Economy,11.4,19,46.9
Air_India,Chennai,Night,one,Night,Kolkata,Business,26.0,20,632.4
Vistara,Kolkata,Night,one,Evening,Hyderabad,Business,23.5,5,595.8
Indigo,Delhi,Evening,zero,Night,Hyderabad,Economy,2.3,36,34.4
Vistara,Kolkata,Night,one,Morning,Bangalore,Business,14.4,24,696.4
Vistara,Bangalore,Evening,one,Morning,Kolkata,Business,15.2,36,591.8
Vistara,Hyderabad,Night,one,Morning,Bangalore,Economy,13.2,39,62.1
Vistara,Chennai,Early_Morning,one,Evening,Delhi,Economy,33.5,8,159.9
Air_India,Hyderabad,Evening,one,Morning,Chennai,Economy,16.7,14,150.4
GO_FIRST,Hyderabad,Night,one,Morning,Mumbai,Economy,10.6,48,47.6
Air_India,Bangalore,Evening,one,Evening,Delhi,Business,24.0,47,485.6
Vistara,Bangalore,Night,one,Early_Morning,Mumbai,Economy,10.8,35,75.0
Air_India,Mumbai,Early_Morning,one,Afternoon,Kolkata,Economy,7.5,40,56.8
Vistara,Bangalore,Early_Morning,one,Morning,Chennai,Economy,25.9,45,70.4
GO_FIRST,Hyderabad,Night,one,Morning,Mumbai,Economy,11.8,11,50.8
Vistara,Bangalore,Morning,one,Afternoon,Delhi,Economy,6.0,41,46.9
Air_India,Mumbai,Afternoon,one,Morning,Bangalore,Economy,17.5,49,74.3
Indigo,Kolkata,Early_Morning,one,Morning,Hyderabad,Economy,6.4,17,74.1
Vistara,Mumbai,Early_Morning,zero,Morning,Kolkata,Economy,2.7,41,51.4
Air_India,Kolkata,Early_Morning,two_or_more,Afternoon,Mumbai,Economy,5.8,15,152.0
AirAsia,Mumbai,Night,one,Morning,Chennai,Economy,12.3,39,21.6
GO_FIRST,Bangalore,Afternoon,one,Night,Delhi,Economy,8.5,43,39.6
AirAsia,Mumbai,Night,one,Late_Night,Delhi,Economy,7.2,38,26.7
Vistara,Delhi,Evening,one,Night,Hyderabad,Economy,4.8,22,65.8
Air_India,Hyderabad,Early_Morning,one,Afternoon,Mumbai,Business,6.3,22,524.0
Vistara,Chennai,Evening,one,Morning,Bangalore,Business,18.7,7,688.2
Indigo,Delhi,Evening,one,Late_Night,Chennai,Economy,4.9,46,38.7
Air_India,Bangalore,Evening,one,Morning,Hyderabad,Economy,18.1,45,70.8
Air_India,Hyderabad,Evening,two_or_more,Morning,Mumbai,Economy,14.9,11,125.2
Air_India,Delhi,Afternoon,one,Evening,Mumbai,Economy,3.5,19,28.3
Air_India,Hyderabad,Afternoon,one,Afternoon,Mumbai,Business,23.7,26,342.1
Indigo,Bangalore,Morning,one,Evening,Delhi,Economy,6.8,41,60.9
Indigo,Chennai,Morning,one,Afternoon,Hyderabad,Economy,4.8,34,12.6
Vistara,Mumbai,Morning,one,Evening,Chennai,Business,7.6,36,732.9
Vistara,Delhi,Evening,one,Evening,Mumbai,Business,26.1,48,503.4
Air_India,Kolkata,Evening,one,Morning,Delhi,Economy,14.0,23,71.3
GO_FIRST,Kolkata,Evening,one,Night,Mumbai,Economy,7.2,14,90.9
Vistara,Delhi,Early_Morning,one,Night,Mumbai,Economy,12.8,19,88.9
Air_India,Mumbai,Morning,one,Morning,Kolkata,Economy,25.8,26,69.5
GO_FIRST,Bangalore,Early_Morning,one,Afternoon,Delhi,Economy,8.8,42,46.0
Vistara,Bangalore,Early_Morning,one,Evening,Mumbai,Economy,9.5,44,75.0
Vistara,Delhi,Afternoon,one,Evening,Mumbai,Economy,5.0,20,56.7
GO_FIRST,Hyderabad,Afternoon,one,Morning,Kolkata,Economy,20.7,49,65.1
Vistara,Delhi,Early_Morning,one,Evening,Bangalore,Business,13.5,14,802.1
Air_India,Mumbai,Early_Morning,one,Night,Chennai,Economy,15.6,33,50.4
GO_FIRST,Delhi,Evening,zero,Night,Kolkata,Economy,2.3,34,45.7
Vistara,Mumbai,Evening,one,Night,Delhi,Economy,6.2,44,69.9
Vistara,Hyderabad,Night,one,Morning,Mumbai,Business,14.6,5,691.5
GO_FIRST,Kolkata,Afternoon,one,Night,Bangalore,Economy,7.1,28,74.1
Air_India,Delhi,Night,one,Night,Hyderabad,Economy,25.0,7,150.7
Indigo,Kolkata,Morning,zero,Afternoon,Bangalore,Economy,2.8,20,44.1
Air_India,Hyderabad,Night,one,Afternoon,Bangalore,Business,15.4,32,646.3
Indigo,Kolkata,Afternoon,one,Night,Hyderabad,Economy,7.8,42,53.6
Air_India,Hyderabad,Night,one,Evening,Delhi,Economy,20.0,40,50.1
Vistara,Chennai,Night,zero,Night,Mumbai,Business,2.1,6,272.2
Air_India,Hyderabad,Early_Morning,one,Night,Chennai,Economy,15.3,19,77.1
Vistara,Mumbai,Afternoon,two_or_more,Night,Chennai,Economy,10.6,49,89.1
Indigo,Bangalore,Evening,zero,Evening,Delhi,Economy,2.8,1,85.5
AirAsia,Chennai,Night,one,Morning,Hyderabad,Economy,10.8,29,17.7
Vistara,Hyderabad,Afternoon,one,Evening,Delhi,Economy,5.2,10,137.2
GO_FIRST,Bangalore,Evening,one,Night,Delhi,Economy,4.7,22,85.4
Air_India,Kolkata,Morning,one,Evening,Bangalore,Economy,8.8,17,79.2
Vistara,Hyderabad,Night,one,Evening,Delhi,Economy,19.3,40,67.3
Vistara,Mumbai,Evening,one,Morning,Hyderabad,Economy,15.6,16,38.1
GO_FIRST,Kolkata,Evening,one,Late_Night,Mumbai,Economy,9.6,32,71.6
AirAsia,Chennai,Night,one,Morning,Hyderabad,Economy,10.2,49,17.7
Vistara,Kolkata,Afternoon,zero,Evening,Delhi,Economy,2.4,33,45.7
Air_India,Hyderabad,Evening,one,Night,Delhi,Economy,4.8,37,61.8
AirAsia,Delhi,Morning,one,Late_Night,Mumbai,Economy,15.0,42,27.5
Vistara,Mumbai,Early_Morning,one,Evening,Chennai,Economy,9.8,17,117.2
SpiceJet,Bangalore,Morning,one,Night,Kolkata,Economy,10.8,25,55.0
Air_India,Delhi,Morning,zero,Morning,Hyderabad,Business,2.3,22,273.4
Air_India,Mumbai,Morning,one,Evening,Hyderabad,Economy,9.3,18,52.5
GO_FIRST,Bangalore,Evening,one,Early_Morning,Kolkata,Economy,11.5,31,70.6
GO_FIRST,Delhi,Afternoon,one,Late_Night,Bangalore,Economy,8.6,35,40.7
Vistara,Mumbai,Early_Morning,one,Night,Bangalore,Business,15.2,33,789.9
AirAsia,Bangalore,Evening,zero,Night,Delhi,Economy,2.8,42,51.4
Vistara,Mumbai,Afternoon,one,Night,Delhi,Business,6.4,23,607.0
Air_India,Delhi,Early_Morning,one,Afternoon,Mumbai,Economy,9.8,29,37.6
AirAsia,Mumbai,Early_Morning,one,Morning,Bangalore,Economy,3.7,47,23.7
Air_India,Bangalore,Early_Morning,one,Evening,Mumbai,Business,10.9,17,452.5
AirAsia,Bangalore,Late_Night,one,Early_Morning,Mumbai,Economy,6.1,47,25.2
Vistara,Delhi,Night,one,Evening,Kolkata,Economy,20.2,23,90.3
Vistara,Hyderabad,Night,one,Night,Mumbai,Business,23.5,23,691.5
Indigo,Kolkata,Early_Morning,one,Morning,Hyderabad,Economy,6.4,32,38.8
Vistara,Mumbai,Evening,zero,Night,Hyderabad,Economy,1.6,47,39.4
Air_India,Kolkata,Morning,one,Evening,Delhi,Economy,8.8,20,58.2
Vistara,Bangalore,Early_Morning,one,Evening,Chennai,Business,9.3,6,689.7
Air_India,Bangalore,Morning,two_or_more,Evening,Kolkata,Economy,8.8,9,174.3
Air_India,Hyderabad,Morning,one,Morning,Mumbai,Business,23.0,32,370.2
Air_India,Hyderabad,Early_Morning,one,Morning,Mumbai,Economy,27.7,34,54.6
AirAsia,Delhi,Morning,one,Night,Bangalore,Economy,11.6,40,35.3
Indigo,Mumbai,Afternoon,one,Evening,Hyderabad,Economy,5.0,4,104.4
Vistara,Mumbai,Early_Morning,one,Night,Delhi,Business,16.5,35,471.3
Vistara,Hyderabad,Morning,one,Late_Night,Delhi,Business,15.7,8,592.4
GO_FIRST,Delhi,Evening,one,Late_Night,Hyderabad,Economy,5.4,17,64.6
Air_India,Bangalore,Early_Morning,one,Evening,Chennai,Economy,12.8,42,73.6
GO_FIRST,Hyderabad,Night,one,Morning,Mumbai,Economy,11.8,22,47.6
Air_India,Delhi,Early_Morning,one,Night,Hyderabad,Business,14.4,2,618.1
SpiceJet,Mumbai,Afternoon,one,Evening,Kolkata,Economy,27.9,2,88.3
Vistara,Hyderabad,Morning,one,Evening,Kolkata,Economy,9.6,38,110.9
Vistara,Hyderabad,Night,one,Night,Bangalore,Business,24.0,46,647.5
Air_India,Delhi,Early_Morning,one,Night,Bangalore,Economy,16.0,27,100.3
Vistara,Bangalore,Night,one,Morning,Chennai,Economy,12.8,28,70.4
Air_India,Kolkata,Morning,one,Evening,Hyderabad,Economy,8.9,17,75.2
Vistara,Hyderabad,Evening,one,Morning,Mumbai,Business,16.1,40,691.5
Vistara,Hyderabad,Morning,two_or_more,Night,Bangalore,Economy,12.3,28,73.8
Indigo,Mumbai,Afternoon,one,Night,Kolkata,Economy,4.4,27,54.5
Vistara,Kolkata,Morning,one,Night,Mumbai,Economy,9.8,47,76.6
Vistara,Delhi,Morning,one,Night,Hyderabad,Economy,9.2,15,65.9
Air_India,Mumbai,Night,one,Evening,Bangalore,Economy,18.8,44,74.3
Vistara,Mumbai,Morning,one,Night,Hyderabad,Economy,11.8,42,38.1
Vistara,Kolkata,Night,one,Evening,Delhi,Business,20.3,18,754.4
Vistara,Delhi,Evening,one,Evening,Bangalore,Business,25.1,14,514.3
Indigo,Delhi,Evening,one,Late_Night,Bangalore,Economy,5.6,20,41.9
Indigo,Chennai,Morning,one,Afternoon,Delhi,Economy,4.9,11,97.3
Indigo,Kolkata,Afternoon,one,Night,Delhi,Economy,6.2,43,50.7
Indigo,Kolkata,Morning,one,Evening,Mumbai,Economy,7.3,45,38.6
Indigo,Mumbai,Evening,one,Night,Kolkata,Economy,6.1,48,45.5
Indigo,Delhi,Early_Morning,one,Afternoon,Kolkata,Economy,8.3,1,179.5
Vistara,Delhi,Night,one,Evening,Kolkata,Business,19.0,11,748.3
Indigo,Bangalore,Morning,one,Evening,Kolkata,Economy,6.2,20,59.1
AirAsia,Chennai,Night,one,Morning,Kolkata,Economy,11.0,38,27.0
AirAsia,Chennai,Evening,one,Morning,Delhi,Economy,17.8,46,28.3
Air_India,Mumbai,Night,one,Night,Hyderabad,Economy,26.1,16,52.5
Air_India,Mumbai,Morning,one,Afternoon,Hyderabad,Economy,24.4,4,121.8
Vistara,Mumbai,Evening,one,Night,Bangalore,Business,26.9,2,1035.2
Vistara,Delhi,Morning,one,Night,Chennai,Economy,14.2,14,131.6
Air_India,Delhi,Night,one,Night,Hyderabad,Business,25.0,29,541.4
Vistara,Mumbai,Afternoon,one,Evening,Kolkata,Economy,5.7,18,67.9
Vistara,Hyderabad,Night,one,Morning,Chennai,Business,13.3,22,590.5
GO_FIRST,Chennai,Afternoon,one,Night,Delhi,Economy,9.8,36,55.1
GO_FIRST,Delhi,Afternoon,one,Evening,Bangalore,Economy,6.2,35,45.9
Vistara,Chennai,Evening,one,Evening,Hyderabad,Business,26.8,32,587.6
Indigo,Delhi,Early_Morning,one,Afternoon,Kolkata,Economy,8.8,13,68.0
AirAsia,Bangalore,Early_Morning,one,Evening,Kolkata,Economy,12.9,49,38.7
Indigo,Delhi,Afternoon,one,Evening,Mumbai,Economy,6.0,47,27.5
GO_FIRST,Mumbai,Evening,one,Early_Morning,Kolkata,Economy,12.8,45,66.4
Vistara,Bangalore,Evening,one,Evening,Kolkata,Business,24.0,28,591.8
Indigo,Bangalore,Early_Morning,one,Morning,Mumbai,Economy,4.2,18,59.1
Vistara,Kolkata,Morning,one,Late_Night,Delhi,Business,14.5,9,713.5
Indigo,Bangalore,Early_Morning,one,Morning,Kolkata,Economy,4.1,38,39.4
Air_India,Delhi,Early_Morning,one,Morning,Kolkata,Business,5.1,46,319.5
Vistara,Chennai,Afternoon,one,Night,Delhi,Business,9.1,32,874.9
Air_India,Mumbai,Early_Morning,one,Evening,Kolkata,Economy,12.2,24,52.0
Vistara,Bangalore,Morning,one,Night,Hyderabad,Economy,11.4,22,70.0
Vistara,Chennai,Early_Morning,one,Evening,Delhi,Economy,11.1,26,59.5
Vistara,Mumbai,Early_Morning,one,Evening,Hyderabad,Business,11.0,11,523.1
Air_India,Bangalore,Afternoon,one,Early_Morning,Chennai,Economy,16.8,18,63.3
Vistara,Bangalore,Morning,one,Night,Mumbai,Business,10.5,19,854.7
Indigo,Delhi,Morning,one,Afternoon,Chennai,Economy,6.7,19,67.6
GO_FIRST,Bangalore,Evening,zero,Night,Mumbai,Economy,1.7,44,25.1
Vistara,Bangalore,Morning,one,Night,Mumbai,Economy,12.3,28,75.0
Vistara,Kolkata,Afternoon,one,Afternoon,Hyderabad,Economy,21.2,27,69.4
Air_India,Hyderabad,Evening,one,Morning,Mumbai,Business,17.9,26,524.0
Air_India,Bangalore,Morning,one,Morning,Chennai,Economy,22.5,18,68.8
Vistara,Delhi,Night,one,Morning,Bangalore,Economy,12.2,10,130.4
Vistara,Delhi,Afternoon,one,Early_Morning,Hyderabad,Business,19.0,46,590.4
Indigo,Chennai,Evening,one,Night,Hyderabad,Economy,5.0,33,37.5
Air_India,Kolkata,Evening,one,Morning,Delhi,Economy,14.7,16,92.5
Vistara,Hyderabad,Morning,one,Night,Mumbai,Economy,9.1,15,170.9
Air_India,Chennai,Morning,one,Evening,Mumbai,Business,8.1,12,565.9
Vistara,Mumbai,Night,one,Night,Chennai,Business,23.3,9,707.3
Air_India,Chennai,Evening,one,Evening,Mumbai,Business,27.0,6,897.0
Vistara,Hyderabad,Morning,one,Night,Bangalore,Economy,14.3,5,90.5
Vistara,Bangalore,Evening,one,Night,Hyderabad,Business,25.0,33,433.8
Indigo,Kolkata,Night,one,Morning,Chennai,Economy,8.5,45,34.4
Indigo,Hyderabad,Early_Morning,one,Morning,Bangalore,Economy,5.4,16,31.3
Air_India,Bangalore,Morning,one,Evening,Mumbai,Economy,7.6,42,70.3
GO_FIRST,Hyderabad,Afternoon,one,Night,Bangalore,Economy,5.9,38,71.4
Vistara,Mumbai,Early_Morning,one,Afternoon,Delhi,Economy,7.2,18,69.9
Vistara,Delhi,Evening,zero,Evening,Kolkata,Economy,2.1,5,76.4
Air_India,Mumbai,Morning,one,Evening,Chennai,Economy,5.8,31,54.3
Air_India,Chennai,Early_Morning,one,Night,Hyderabad,Economy,14.4,6,182.3
Air_India,Mumbai,Night,one,Night,Hyderabad,Economy,24.1,39,50.8
Indigo,Bangalore,Morning,one,Afternoon,Mumbai,Economy,4.2,16,60.9
Vistara,Chennai,Evening,zero,Evening,Delhi,Business,2.8,11,317.4
Vistara,Hyderabad,Night,one,Morning,Bangalore,Business,12.1,22,647.5
Vistara,Mumbai,Early_Morning,one,Night,Bangalore,Business,16.2,19,713.2
Air_India,Bangalore,Afternoon,two_or_more,Evening,Hyderabad,Economy,30.5,9,170.6
Vistara,Bangalore,Evening,one,Morning,Delhi,Business,13.8,36,742.7
GO_FIRST,Mumbai,Morning,one,Evening,Delhi,Economy,9.3,12,67.9
SpiceJet,Hyderabad,Evening,one,Late_Night,Kolkata,Economy,8.3,15,60.4
Air_India,Hyderabad,Morning,one,Night,Mumbai,Economy,11.8,46,49.8
AirAsia,Kolkata,Early_Morning,zero,Morning,Chennai,Economy,2.3,47,33.9
Indigo,Bangalore,Evening,one,Late_Night,Delhi,Economy,8.8,35,53.7
Vistara,Hyderabad,Morning,one,Morning,Bangalore,Business,26.2,31,435.1
SpiceJet,Mumbai,Evening,one,Morning,Delhi,Economy,14.8,35,40.1
Vistara,Delhi,Night,one,Early_Morning,Bangalore,Economy,11.2,34,48.8
Vistara,Delhi,Morning,one,Night,Bangalore,Economy,12.1,10,123.2
AirAsia,Bangalore,Late_Night,zero,Late_Night,Delhi,Economy,2.8,48,51.4
Indigo,Chennai,Evening,zero,Night,Kolkata,Economy,2.2,23,53.2
Indigo,Chennai,Afternoon,one,Night,Delhi,Economy,5.1,24,44.0
Indigo,Delhi,Night,zero,Night,Chennai,Economy,2.8,4,84.8
Vistara,Kolkata,Early_Morning,one,Afternoon,Hyderabad,Business,5.4,22,595.8
Vistara,Bangalore,Night,zero,Night,Mumbai,Economy,1.8,39,24.6
Vistara,Mumbai,Early_Morning,one,Evening,Kolkata,Business,12.1,16,567.9
AirAsia,Bangalore,Early_Morning,one,Afternoon,Kolkata,Economy,5.3,10,128.0
AirAsia,Hyderabad,Afternoon,one,Late_Night,Kolkata,Economy,11.2,42,23.5
Air_India,Hyderabad,Evening,one,Morning,Mumbai,Business,17.9,42,524.0
Air_India,Chennai,Early_Morning,one,Night,Hyderabad,Business,17.4,32,586.4
Vistara,Mumbai,Night,one,Morning,Kolkata,Economy,9.8,26,67.9
Indigo,Mumbai,Evening,one,Night,Kolkata,Economy,6.3,19,75.5
Vistara,Mumbai,Early_Morning,one,Night,Bangalore,Business,16.2,46,713.2
Air_India,Hyderabad,Early_Morning,zero,Morning,Delhi,Economy,2.5,40,26.0
Indigo,Delhi,Morning,one,Night,Chennai,Economy,9.1,33,38.7
Vistara,Chennai,Early_Morning,one,Night,Mumbai,Economy,14.3,32,57.5
Indigo,Mumbai,Evening,zero,Night,Delhi,Economy,1.8,12,67.9
Air_India,Mumbai,Afternoon,one,Night,Hyderabad,Economy,7.6,7,86.6
Vistara,Bangalore,Early_Morning,one,Night,Mumbai,Business,15.8,29,765.2
Vistara,Chennai,Early_Morning,one,Night,Hyderabad,Business,15.8,47,587.6
Indigo,Delhi,Early_Morning,one,Morning,Mumbai,Economy,6.6,22,41.2
Vistara,Mumbai,Early_Morning,one,Night,Bangalore,Business,13.9,29,713.2
Indigo,Mumbai,Morning,one,Evening,Delhi,Economy,7.8,19,54.9
Vistara,Chennai,Night,one,Evening,Bangalore,Economy,21.2,34,54.3
Air_India,Delhi,Afternoon,one,Night,Kolkata,Economy,9.2,22,72.1
Vistara,Chennai,Afternoon,one,Early_Morning,Hyderabad,Economy,19.3,44,62.6
Indigo,Hyderabad,Afternoon,zero,Afternoon,Chennai,Economy,1.5,27,20.4
GO_FIRST,Delhi,Morning,one,Night,Hyderabad,Economy,14.7,31,73.8
Vistara,Mumbai,Evening,one,Night,Chennai,Economy,24.5,41,61.1
Vistara,Delhi,Evening,one,Morning,Kolkata,Economy,13.8,32,77.9
Vistara,Delhi,Afternoon,one,Evening,Chennai,Business,7.1,45,662.3
Indigo,Hyderabad,Afternoon,one,Evening,Kolkata,Economy,6.1,16,60.4
Vistara,Kolkata,Night,one,Evening,Chennai,Economy,23.3,37,80.2
GO_FIRST,Delhi,Morning,one,Night,Mumbai,Economy,11.3,27,58.1
Indigo,Kolkata,Afternoon,one,Evening,Hyderabad,Economy,4.5,37,51.4
Vistara,Chennai,Evening,one,Night,Mumbai,Economy,6.7,19,119.8
Indigo,Mumbai,Evening,one,Night,Kolkata,Economy,6.6,8,112.8
Vistara,Chennai,Morning,two_or_more,Night,Bangalore,Economy,10.2,30,73.5
Indigo,Kolkata,Afternoon,one,Night,Mumbai,Economy,7.3,25,90.9
Vistara,Chennai,Evening,one,Morning,Mumbai,Economy,16.3,49,54.4
Vistara,Kolkata,Night,one,Morning,Bangalore,Economy,15.4,10,135.4
Vistara,Mumbai,Early_Morning,zero,Morning,Delhi,Economy,2.2,8,67.9
Vistara,Chennai,Morning,one,Night,Delhi,Economy,13.2,9,148.7
Indigo,Kolkata,Morning,one,Evening,Delhi,Economy,7.4,25,74.1
Air_India,Mumbai,Night,one,Evening,Delhi,Economy,19.8,17,132.5
Indigo,Delhi,Morning,zero,Afternoon,Bangalore,Economy,2.9,24,51.4
Indigo,Delhi,Afternoon,one,Night,Kolkata,Economy,5.3,16,68.0
Indigo,Hyderabad,Morning,one,Afternoon,Kolkata,Economy,5.4,20,60.4
Vistara,Kolkata,Afternoon,one,Evening,Hyderabad,Economy,28.6,43,65.8
Indigo,Kolkata,Morning,one,Afternoon,Chennai,Economy,6.7,29,60.3
Air_India,Chennai,Early_Morning,one,Night,Mumbai,Business,15.4,29,565.9
Air_India,Kolkata,Night,one,Afternoon,Delhi,Economy,16.7,12,170.0
Indigo,Chennai,Afternoon,one,Evening,Hyderabad,Economy,4.8,18,32.7
Air_India,Mumbai,Evening,one,Evening,Kolkata,Economy,24.8,33,63.9
Vistara,Mumbai,Evening,one,Morning,Chennai,Economy,15.4,26,45.7
Vistara,Hyderabad,Afternoon,one,Evening,Bangalore,Business,6.3,16,435.1
Vistara,Chennai,Morning,two_or_more,Morning,Hyderabad,Economy,23.3,42,68.7
Air_India,Hyderabad,Morning,one,Late_Night,Bangalore,Economy,12.8,13,164.8
AirAsia,Bangalore,Early_Morning,one,Night,Mumbai,Economy,16.1,13,84.2
Vistara,Delhi,Evening,one,Night,Chennai,Economy,6.3,8,131.6
Vistara,Hyderabad,Morning,two_or_more,Night,Bangalore,Economy,10.1,35,77.4
Air_India,Bangalore,Early_Morning,one,Night,Mumbai,Business,16.4,47,624.5
Vistara,Kolkata,Night,one,Early_Morning,Hyderabad,Business,11.2,14,561.9
Vistara,Kolkata,Morning,two_or_more,Afternoon,Hyderabad,Economy,25.8,38,89.5
AirAsia,Delhi,Afternoon,one,Evening,Hyderabad,Economy,6.7,26,23.4
Vistara,Hyderabad,Night,one,Morning,Chennai,Business,11.2,41,471.8
Vistara,Chennai,Morning,one,Night,Delhi,Business,13.2,29,661.4
Vistara,Bangalore,Early_Morning,one,Evening,Kolkata,Business,10.1,42,691.0
Vistara,Chennai,Night,one,Evening,Hyderabad,Business,19.9,7,919.8
Vistara,Kolkata,Morning,one,Late_Night,Delhi,Business,14.5,11,704.6
Vistara,Mumbai,Night,one,Afternoon,Hyderabad,Business,14.7,14,663.8
Air_India,Delhi,Afternoon,one,Night,Hyderabad,Economy,5.7,45,48.1
Air_India,Mumbai,Early_Morning,one,Evening,Delhi,Economy,11.7,39,103.7
Vistara,Chennai,Early_Morning,one,Night,Hyderabad,Business,15.8,48,587.6
Air_India,Mumbai,Night,one,Evening,Hyderabad,Business,21.8,41,521.8
Vistara,Hyderabad,Early_Morning,one,Night,Mumbai,Economy,15.8,43,39.6
Vistara,Delhi,Evening,one,Night,Mumbai,Economy,5.8,42,71.9
Indigo,Mumbai,Afternoon,one,Evening,Chennai,Economy,7.0,47,21.6
Indigo,Kolkata,Early_Morning,one,Afternoon,Hyderabad,Economy,7.7,23,85.3
Air_India,Hyderabad,Evening,two_or_more,Morning,Mumbai,Economy,17.1,32,85.6
Vistara,Bangalore,Morning,one,Evening,Kolkata,Business,6.6,16,691.0
GO_FIRST,Mumbai,Night,one,Morning,Hyderabad,Economy,10.8,26,44.7
Air_India,Mumbai,Night,one,Night,Bangalore,Business,23.9,15,639.3
Air_India,Mumbai,Night,one,Morning,Bangalore,Business,11.4,24,623.6
Air_India,Delhi,Morning,one,Night,Hyderabad,Economy,10.9,42,48.1
AirAsia,Bangalore,Evening,one,Late_Night,Delhi,Economy,7.1,48,31.1
Vistara,Hyderabad,Night,one,Evening,Bangalore,Economy,20.4,31,73.8
GO_FIRST,Delhi,Early_Morning,one,Night,Kolkata,Economy,15.6,26,68.0
GO_FIRST,Mumbai,Evening,one,Night,Delhi,Economy,5.2,38,70.7
Vistara,Kolkata,Morning,one,Night,Delhi,Business,12.6,49,754.4
Air_India,Kolkata,Early_Morning,one,Night,Bangalore,Business,13.1,35,696.4
AirAsia,Mumbai,Night,one,Morning,Hyderabad,Economy,11.4,47,24.0
Vistara,Bangalore,Early_Morning,one,Afternoon,Delhi,Business,7.8,46,485.6
Air_India,Mumbai,Night,one,Night,Hyderabad,Economy,24.3,35,65.4
Vistara,Mumbai,Afternoon,one,Morning,Kolkata,Business,17.8,23,823.7
Air_India,Mumbai,Night,one,Night,Bangalore,Economy,24.9,5,165.6
Air_India,Hyderabad,Morning,one,Morning,Chennai,Business,21.6,16,589.2
Vistara,Bangalore,Evening,one,Morning,Kolkata,Business,13.8,14,591.8
Vistara,Bangalore,Morning,one,Evening,Delhi,Economy,10.2,27,54.8
GO_FIRST,Mumbai,Night,one,Morning,Bangalore,Economy,11.7,23,58.3
Vistara,Hyderabad,Early_Morning,one,Night,Bangalore,Business,15.8,19,647.5
Vistara,Delhi,Early_Morning,one,Morning,Hyderabad,Economy,27.2,26,65.8
Vistara,Chennai,Afternoon,one,Late_Night,Delhi,Business,12.4,41,520.8
Air_India,Mumbai,Early_Morning,one,Afternoon,Kolkata,Economy,7.5,32,56.8
GO_FIRST,Mumbai,Afternoon,one,Night,Bangalore,Economy,7.9,11,58.3
Vistara,Mumbai,Morning,one,Evening,Delhi,Economy,5.2,30,54.5
Air_India,Bangalore,Evening,one,Night,Hyderabad,Business,26.4,4,433.1
AirAsia,Hyderabad,Early_Morning,zero,Morning,Chennai,Economy,1.2,25,17.6
SpiceJet,Mumbai,Morning,one,Morning,Kolkata,Economy,22.8,40,66.4
Vistara,Hyderabad,Early_Morning,one,Night,Chennai,Business,15.9,25,590.5
Vistara,Delhi,Early_Morning,one,Afternoon,Hyderabad,Economy,4.8,18,70.5
Vistara,Hyderabad,Morning,one,Night,Chennai,Economy,11.8,8,207.9
GO_FIRST,Mumbai,Morning,one,Evening,Delhi,Economy,8.0,20,63.6
Air_India,Kolkata,Early_Morning,two_or_more,Evening,Mumbai,Economy,12.2,8,133.5
Vistara,Chennai,Afternoon,one,Morning,Kolkata,Economy,21.2,17,83.9
Indigo,Mumbai,Morning,one,Evening,Chennai,Economy,5.1,2,141.0
Vistara,Kolkata,Night,one,Evening,Chennai,Economy,23.5,11,182.6
AirAsia,Delhi,Early_Morning,one,Night,Mumbai,Economy,12.6,49,27.5
Indigo,Hyderabad,Night,zero,Night,Kolkata,Economy,2.1,9,89.2
Vistara,Delhi,Morning,zero,Afternoon,Hyderabad,Business,2.2,25,274.7
GO_FIRST,Chennai,Afternoon,one,Night,Kolkata,Economy,9.8,15,145.9
Indigo,Bangalore,Afternoon,one,Night,Mumbai,Economy,7.3,30,52.0
Vistara,Delhi,Afternoon,one,Night,Bangalore,Business,8.5,37,484.9
GO_FIRST,Chennai,Evening,zero,Evening,Hyderabad,Economy,1.2,15,48.0
Air_India,Bangalore,Night,one,Evening,Hyderabad,Business,22.3,22,645.0
Vistara,Kolkata,Morning,two_or_more,Night,Bangalore,Economy,10.2,43,92.6
Vistara,Delhi,Morning,one,Evening,Chennai,Economy,8.2,5,131.6
Vistara,Delhi,Night,one,Morning,Chennai,Economy,14.2,49,58.2
Vistara,Chennai,Night,one,Morning,Bangalore,Business,11.6,34,688.2
Air_India,Bangalore,Night,one,Evening,Mumbai,Economy,21.0,17,70.3
Vistara,Bangalore,Morning,one,Evening,Kolkata,Business,8.3,11,591.8
Indigo,Kolkata,Morning,one,Evening,Hyderabad,Economy,7.3,46,38.8
Air_India,Delhi,Morning,zero,Afternoon,Bangalore,Economy,2.8,36,50.6
Air_India,Mumbai,Afternoon,one,Morning,Bangalore,Economy,16.9,24,69.5
Indigo,Hyderabad,Morning,one,Evening,Chennai,Economy,8.3,12,50.9
Vistara,Mumbai,Early_Morning,one,Night,Kolkata,Business,16.2,9,657.4
Vistara,Mumbai,Afternoon,one,Evening,Delhi,Economy,4.5,11,185.4
Air_India,Mumbai,Afternoon,one,Night,Kolkata,Business,6.9,45,567.9
Air_India,Kolkata,Night,one,Morning,Hyderabad,Economy,15.4,18,53.9
SpiceJet,Kolkata,Evening,one,Morning,Mumbai,Economy,15.6,48,67.8
Vistara,Mumbai,Morning,one,Evening,Delhi,Economy,5.7,23,167.4
Air_India,Bangalore,Early_Morning,one,Night,Delhi,Economy,15.0,20,71.3
Vistara,Hyderabad,Afternoon,one,Night,Chennai,Business,9.7,25,883.4
Air_India,Delhi,Early_Morning,one,Morning,Kolkata,Economy,29.2,4,275.9
Vistara,Kolkata,Afternoon,one,Night,Mumbai,Business,6.7,41,1110.0
Vistara,Mumbai,Night,one,Morning,Bangalore,Business,13.9,22,764.3
Indigo,Mumbai,Evening,one,Late_Night,Delhi,Economy,5.1,42,26.7
Indigo,Kolkata,Early_Morning,one,Afternoon,Chennai,Economy,8.2,38,43.1
GO_FIRST,Delhi,Afternoon,one,Night,Kolkata,Economy,8.1,24,68.0
GO_FIRST,Delhi,Early_Morning,one,Afternoon,Hyderabad,Economy,7.2,22,68.0
Air_India,Kolkata,Night,zero,Late_Night,Bangalore,Business,2.6,14,290.9
SpiceJet,Bangalore,Night,zero,Late_Night,Delhi,Economy,2.7,18,54.3
Indigo,Hyderabad,Early_Morning,two_or_more,Night,Chennai,Economy,15.4,17,117.7
Vistara,Delhi,Morning,one,Night,Chennai,Economy,11.4,7,131.6
Vistara,Mumbai,Evening,one,Morning,Bangalore,Economy,15.1,20,81.5
Vistara,Mumbai,Morning,one,Afternoon,Delhi,Economy,4.9,42,59.7
AirAsia,Kolkata,Night,zero,Late_Night,Delhi,Economy,2.5,17,45.7
Air_India,Kolkata,Afternoon,one,Morning,Mumbai,Business,20.7,25,574.1
AirAsia,Mumbai,Afternoon,one,Late_Night,Delhi,Economy,14.2,6,144.9
Vistara,Bangalore,Night,one,Evening,Hyderabad,Business,22.7,48,646.2
Vistara,Mumbai,Afternoon,two_or_more,Evening,Hyderabad,Business,7.7,3,780.6
Air_India,Chennai,Early_Morning,one,Night,Delhi,Economy,14.6,41,73.8
Vistara,Mumbai,Afternoon,one,Night,Bangalore,Economy,6.9,24,73.7
Vistara,Chennai,Afternoon,one,Night,Bangalore,Economy,8.4,18,54.3
Vistara,Mumbai,Afternoon,one,Night,Chennai,Economy,7.8,33,49.7
Vistara,Hyderabad,Early_Morning,one,Afternoon,Mumbai,Economy,8.2,19,53.2
Air_India,Chennai,Night,zero,Night,Delhi,Business,2.8,30,317.4
GO_FIRST,Delhi,Morning,one,Afternoon,Mumbai,Economy,6.8,13,68.0
Indigo,Delhi,Early_Morning,one,Evening,Bangalore,Economy,11.2,12,143.0
SpiceJet,Hyderabad,Night,zero,Night,Delhi,Economy,2.1,20,32.9
Indigo,Mumbai,Morning,one,Afternoon,Chennai,Economy,6.0,33,21.6
Vistara,Bangalore,Evening,one,Morning,Mumbai,Business,14.9,12,790.8
Vistara,Delhi,Night,one,Morning,Bangalore,Economy,12.2,24,38.3
Vistara,Mumbai,Evening,one,Night,Hyderabad,Economy,5.3,19,53.2
Indigo,Delhi,Afternoon,one,Night,Hyderabad,Economy,7.6,32,24.0
Vistara,Chennai,Night,one,Afternoon,Mumbai,Business,15.5,14,848.6
Vistara,Kolkata,Night,one,Evening,Hyderabad,Economy,23.5,48,65.8
Vistara,Mumbai,Early_Morning,one,Afternoon,Delhi,Business,8.2,41,607.0
Indigo,Delhi,Afternoon,one,Night,Hyderabad,Economy,8.8,3,114.8
AirAsia,Bangalore,Night,one,Early_Morning,Kolkata,Economy,8.8,19,38.7
Vistara,Chennai,Morning,one,Morning,Kolkata,Business,23.9,48,626.9
Air_India,Delhi,Night,one,Morning,Bangalore,Business,13.3,24,405.3
AirAsia,Bangalore,Evening,zero,Night,Delhi,Economy,2.8,11,85.5
Vistara,Hyderabad,Morning,one,Morning,Kolkata,Business,25.2,43,557.9
Air_India,Hyderabad,Morning,one,Early_Morning,Chennai,Economy,20.0,22,74.9
Air_India,Kolkata,Evening,one,Morning,Chennai,Economy,17.7,28,66.4
Vistara,Hyderabad,Morning,two_or_more,Night,Bangalore,Economy,13.0,20,73.8
Vistara,Mumbai,Morning,one,Evening,Hyderabad,Business,8.2,36,689.4
Indigo,Delhi,Night,zero,Night,Mumbai,Economy,2.2,25,34.3
Air_India,Kolkata,Night,one,Afternoon,Delhi,Business,13.8,17,661.7
Indigo,Bangalore,Evening,one,Late_Night,Delhi,Economy,8.8,35,46.4
Indigo,Delhi,Afternoon,one,Night,Chennai,Economy,7.2,32,23.4
Air_India,Mumbai,Morning,one,Morning,Kolkata,Economy,23.2,21,101.4
Air_India,Bangalore,Morning,one,Night,Mumbai,Economy,11.8,31,75.1
Vistara,Kolkata,Night,one,Evening,Delhi,Business,23.2,13,794.1
Indigo,Delhi,Night,one,Early_Morning,Bangalore,Economy,7.9,45,45.8
Vistara,Bangalore,Evening,one,Morning,Kolkata,Economy,14.8,7,181.5
GO_FIRST,Delhi,Morning,one,Afternoon,Mumbai,Economy,6.8,42,69.0
Indigo,Bangalore,Morning,one,Night,Hyderabad,Economy,10.0,11,75.8
Air_India,Mumbai,Night,zero,Night,Kolkata,Economy,2.8,40,36.3
SpiceJet,Bangalore,Night,zero,Late_Night,Delhi,Economy,2.7,8,85.5
Air_India,Mumbai,Morning,one,Evening,Chennai,Business,9.0,7,657.3
SpiceJet,Chennai,Morning,zero,Morning,Bangalore,Economy,1.3,35,16.5
Vistara,Chennai,Afternoon,one,Night,Delhi,Economy,9.4,37,64.0
SpiceJet,Mumbai,Morning,zero,Afternoon,Delhi,Economy,2.2,13,67.9
Vistara,Bangalore,Early_Morning,one,Night,Mumbai,Economy,12.1,8,128.0
Vistara,Bangalore,Early_Morning,one,Night,Chennai,Economy,12.2,23,74.3
Air_India,Delhi,Morning,one,Morning,Kolkata,Economy,22.2,26,60.3
Air_India,Delhi,Early_Morning,one,Morning,Bangalore,Economy,5.7,20,70.5
AirAsia,Bangalore,Night,one,Early_Morning,Kolkata,Economy,8.8,2,59.1
Air_India,Mumbai,Evening,one,Afternoon,Bangalore,Business,17.5,15,623.6
Vistara,Chennai,Early_Morning,one,Evening,Hyderabad,Economy,13.0,8,126.4
Vistara,Chennai,Afternoon,one,Evening,Kolkata,Economy,31.1,13,227.1
Vistara,Mumbai,Early_Morning,one,Afternoon,Delhi,Business,9.3,17,546.4
Indigo,Hyderabad,Afternoon,zero,Evening,Delhi,Economy,2.2,33,36.4
Vistara,Kolkata,Morning,two_or_more,Evening,Bangalore,Economy,9.0,20,88.7
AirAsia,Bangalore,Afternoon,one,Night,Delhi,Economy,7.3,12,85.5
AirAsia,Delhi,Early_Morning,one,Afternoon,Hyderabad,Economy,7.6,13,68.0
Indigo,Delhi,Early_Morning,one,Evening,Mumbai,Economy,8.8,45,49.9
Indigo,Delhi,Afternoon,one,Evening,Bangalore,Economy,5.1,45,45.8
Vistara,Delhi,Afternoon,one,Night,Mumbai,Business,9.2,29,607.1
Vistara,Mumbai,Morning,one,Night,Bangalore,Economy,11.4,23,73.7
Indigo,Delhi,Afternoon,one,Night,Chennai,Economy,6.4,42,53.3
Vistara,Chennai,Early_Morning,one,Evening,Kolkata,Economy,9.8,33,80.9
Vistara,Mumbai,Early_Morning,one,Evening,Kolkata,Economy,13.1,14,127.1
Vistara,Hyderabad,Evening,one,Night,Mumbai,Economy,4.9,14,104.8
Vistara,Bangalore,Early_Morning,one,Night,Mumbai,Business,13.2,3,844.5
Air_India,Hyderabad,Night,one,Evening,Delhi,Economy,20.0,26,50.1
GO_FIRST,Bangalore,Morning,one,Afternoon,Delhi,Economy,7.6,27,46.0
Vistara,Mumbai,Morning,one,Evening,Hyderabad,Economy,11.2,16,50.4
Air_India,Delhi,Evening,one,Morning,Kolkata,Economy,14.8,19,66.3
Air_India,Mumbai,Evening,one,Afternoon,Chennai,Economy,18.7,30,50.4
Vistara,Mumbai,Morning,two_or_more,Evening,Hyderabad,Economy,8.4,25,74.6
SpiceJet,Delhi,Evening,one,Morning,Bangalore,Economy,16.7,32,73.4
Air_India,Hyderabad,Morning,one,Night,Mumbai,Business,10.8,39,524.0
Vistara,Chennai,Afternoon,one,Evening,Delhi,Economy,5.6,7,130.7
Air_India,Mumbai,Evening,one,Night,Delhi,Economy,26.4,6,106.2
SpiceJet,Hyderabad,Night,zero,Night,Delhi,Economy,2.1,23,32.9
Vistara,Delhi,Morning,one,Early_Morning,Hyderabad,Economy,23.0,44,70.5
Indigo,Delhi,Evening,one,Night,Mumbai,Economy,4.9,36,48.1
Vistara,Kolkata,Early_Morning,one,Night,Mumbai,Business,14.1,8,929.7
Air_India,Mumbai,Afternoon,one,Morning,Kolkata,Economy,16.5,9,161.0
Vistara,Bangalore,Evening,one,Afternoon,Hyderabad,Economy,18.8,39,70.0
GO_FIRST,Hyderabad,Morning,one,Night,Mumbai,Economy,12.8,48,42.3
Vistara,Delhi,Early_Morning,one,Evening,Kolkata,Business,11.1,14,924.8
Vistara,Delhi,Evening,two_or_more,Morning,Chennai,Economy,15.2,31,99.6
Vistara,Delhi,Morning,one,Evening,Kolkata,Business,6.5,24,748.3
Vistara,Delhi,Early_Morning,one,Evening,Bangalore,Business,10.2,12,651.1
Vistara,Mumbai,Morning,one,Evening,Kolkata,Economy,6.2,7,143.4
AirAsia,Hyderabad,Evening,zero,Night,Bangalore,Economy,1.2,42,20.3
Vistara,Kolkata,Evening,one,Evening,Hyderabad,Business,25.2,34,595.8
Air_India,Bangalore,Morning,one,Evening,Mumbai,Business,7.8,46,624.5
Vistara,Chennai,Night,one,Evening,Delhi,Economy,20.4,49,59.5
Vistara,Kolkata,Afternoon,one,Afternoon,Hyderabad,Business,21.2,14,711.0
Vistara,Delhi,Morning,one,Morning,Mumbai,Business,23.6,29,471.4
Vistara,Mumbai,Morning,one,Evening,Kolkata,Economy,10.8,40,67.9
Vistara,Chennai,Morning,one,Night,Bangalore,Economy,10.2,6,180.4
Air_India,Bangalore,Morning,one,Night,Mumbai,Economy,14.1,30,46.0
Vistara,Hyderabad,Night,one,Morning,Delhi,Economy,12.1,49,71.9
Vistara,Delhi,Evening,one,Evening,Kolkata,Economy,21.8,5,169.9
Vistara,Mumbai,Morning,one,Evening,Bangalore,Economy,6.9,35,73.7
SpiceJet,Kolkata,Night,zero,Late_Night,Delhi,Economy,2.6,49,45.7
Indigo,Kolkata,Early_Morning,one,Evening,Chennai,Economy,10.8,42,34.4
Indigo,Bangalore,Evening,zero,Night,Delhi,Economy,2.9,12,85.5
Indigo,Kolkata,Evening,zero,Night,Mumbai,Economy,3.0,31,65.7
Vistara,Delhi,Morning,zero,Morning,Bangalore,Business,2.8,36,375.2
GO_FIRST,Delhi,Morning,one,Evening,Mumbai,Economy,7.5,23,84.9
Vistara,Hyderabad,Early_Morning,one,Morning,Chennai,Economy,27.1,21,45.8
Air_India,Mumbai,Early_Morning,one,Morning,Kolkata,Economy,24.1,19,78.1
AirAsia,Delhi,Morning,one,Late_Night,Mumbai,Economy,15.0,49,27.5
Vistara,Kolkata,Night,one,Afternoon,Mumbai,Business,18.6,11,805.6
GO_FIRST,Delhi,Evening,one,Late_Night,Mumbai,Economy,9.3,20,38.0
Vistara,Kolkata,Early_Morning,zero,Morning,Delhi,Economy,2.4,20,45.7
GO_FIRST,Bangalore,Early_Morning,one,Evening,Chennai,Economy,9.7,16,35.3
Indigo,Delhi,Morning,zero,Afternoon,Bangalore,Economy,2.9,11,84.8
Vistara,Mumbai,Afternoon,one,Night,Delhi,Business,6.4,15,691.9
Vistara,Delhi,Morning,one,Evening,Kolkata,Economy,11.1,5,169.9
Air_India,Mumbai,Morning,one,Afternoon,Delhi,Economy,28.0,42,43.9
GO_FIRST,Bangalore,Morning,one,Afternoon,Delhi,Economy,5.8,11,85.5
Vistara,Kolkata,Night,one,Morning,Bangalore,Economy,14.5,48,92.6
AirAsia,Delhi,Night,zero,Night,Bangalore,Economy,2.8,24,51.4
GO_FIRST,Mumbai,Night,zero,Night,Kolkata,Economy,2.6,11,84.6
Indigo,Kolkata,Early_Morning,one,Evening,Mumbai,Economy,9.2,42,51.6
Vistara,Chennai,Morning,one,Evening,Mumbai,Economy,5.8,13,126.4
AirAsia,Hyderabad,Early_Morning,one,Afternoon,Kolkata,Economy,6.0,14,60.4
Air_India,Delhi,Early_Morning,one,Morning,Kolkata,Economy,25.8,16,66.3
Vistara,Kolkata,Early_Morning,one,Afternoon,Mumbai,Economy,6.8,19,69.3
Vistara,Chennai,Morning,one,Evening,Bangalore,Business,8.1,3,1128.7
Vistara,Mumbai,Night,one,Morning,Kolkata,Economy,12.7,31,70.3
Vistara,Chennai,Afternoon,one,Night,Kolkata,Economy,10.2,40,105.2
AirAsia,Hyderabad,Evening,one,Morning,Delhi,Economy,13.2,18,25.4
Air_India,Hyderabad,Morning,one,Evening,Mumbai,Economy,8.7,33,49.8
Vistara,Hyderabad,Morning,two_or_more,Night,Bangalore,Economy,9.4,22,129.8
Air_India,Chennai,Evening,one,Morning,Hyderabad,Business,17.5,17,586.4
Indigo,Kolkata,Evening,one,Late_Night,Delhi,Economy,7.5,20,74.1
Air_India,Kolkata,Early_Morning,two_or_more,Evening,Mumbai,Economy,12.2,10,134.6
Air_India,Delhi,Morning,one,Morning,Kolkata,Business,22.3,28,495.4
Vistara,Bangalore,Night,one,Morning,Kolkata,Economy,11.2,49,92.6
Air_India,Chennai,Morning,one,Late_Night,Bangalore,Business,14.5,35,508.7
Vistara,Hyderabad,Evening,zero,Evening,Delhi,Business,2.2,10,351.8
Vistara,Kolkata,Morning,one,Night,Hyderabad,Business,12.7,12,595.8
Vistara,Kolkata,Morning,one,Night,Chennai,Economy,12.5,33,67.5
Vistara,Kolkata,Morning,one,Night,Bangalore,Business,10.2,25,811.5
GO_FIRST,Delhi,Evening,one,Early_Morning,Kolkata,Economy,12.3,37,49.4
Vistara,Kolkata,Evening,one,Morning,Delhi,Economy,16.1,47,81.6
Air_India,Kolkata,Morning,two_or_more,Evening,Mumbai,Economy,30.0,8,161.7
Air_India,Bangalore,Evening,one,Evening,Mumbai,Business,24.2,38,624.5
SpiceJet,Delhi,Morning,one,Evening,Chennai,Economy,6.2,16,47.4
Vistara,Hyderabad,Night,one,Night,Delhi,Economy,24.3,4,114.4
Air_India,Delhi,Morning,one,Night,Hyderabad,Economy,12.6,22,48.1
Indigo,Kolkata,Night,zero,Late_Night,Hyderabad,Economy,2.2,37,31.4
GO_FIRST,Hyderabad,Early_Morning,one,Afternoon,Mumbai,Economy,6.3,27,47.6
Vistara,Bangalore,Early_Morning,one,Evening,Mumbai,Economy,11.1,7,128.0
Air_India,Mumbai,Morning,one,Night,Chennai,Economy,13.6,13,105.1
Vistara,Bangalore,Evening,one,Morning,Chennai,Business,12.9,15,505.7
Vistara,Mumbai,Early_Morning,one,Afternoon,Hyderabad,Business,6.1,45,612.6
Vistara,Kolkata,Afternoon,one,Morning,Bangalore,Economy,17.3,13,148.6
Indigo,Chennai,Evening,one,Night,Delhi,Economy,6.7,11,90.0
AirAsia,Hyderabad,Night,one,Late_Night,Delhi,Economy,5.2,22,25.4
Vistara,Chennai,Early_Morning,one,Evening,Delhi,Business,9.9,46,661.4
GO_FIRST,Delhi,Afternoon,one,Late_Night,Chennai,Economy,9.2,12,84.8
Air_India,Bangalore,Early_Morning,one,Evening,Delhi,Business,12.6,14,485.6
Vistara,Delhi,Early_Morning,one,Afternoon,Hyderabad,Economy,4.8,38,70.5
AirAsia,Delhi,Early_Morning,one,Afternoon,Bangalore,Economy,7.4,47,35.3
Air_India,Delhi,Evening,one,Night,Mumbai,Economy,3.8,12,68.0
Vistara,Hyderabad,Morning,one,Morning,Chennai,Economy,24.3,27,71.8
AirAsia,Chennai,Night,one,Morning,Hyderabad,Economy,10.2,19,17.7
Vistara,Kolkata,Morning,one,Early_Morning,Bangalore,Economy,21.4,8,138.9
Air_India,Bangalore,Early_Morning,two_or_more,Evening,Chennai,Business,11.4,28,719.8
Air_India,Chennai,Evening,one,Night,Bangalore,Economy,6.9,46,72.0
AirAsia,Hyderabad,Evening,one,Morning,Delhi,Economy,13.2,2,156.4
Indigo,Bangalore,Afternoon,one,Night,Kolkata,Economy,6.4,47,38.7
Indigo,Chennai,Afternoon,one,Night,Delhi,Economy,8.0,13,90.0
Vistara,Kolkata,Morning,one,Morning,Bangalore,Economy,22.4,21,70.7
SpiceJet,Hyderabad,Night,zero,Night,Delhi,Economy,2.1,37,26.0
Vistara,Delhi,Evening,two_or_more,Morning,Chennai,Economy,16.8,21,99.6
Vistara,Chennai,Morning,one,Night,Hyderabad,Economy,11.2,24,68.9
Air_India,Delhi,Evening,one,Evening,Mumbai,Business,24.8,34,582.1
Vistara,Bangalore,Early_Morning,one,Night,Mumbai,Economy,14.0,28,75.0
Air_India,Mumbai,Evening,one,Morning,Hyderabad,Business,16.5,26,521.8
Air_India,Mumbai,Morning,one,Night,Delhi,Economy,11.0,29,66.7
GO_FIRST,Mumbai,Afternoon,one,Night,Bangalore,Economy,8.9,40,72.2
Vistara,Chennai,Afternoon,one,Night,Delhi,Economy,8.2,43,59.2
Air_India,Mumbai,Evening,two_or_more,Afternoon,Kolkata,Business,19.2,25,654.9
Indigo,Bangalore,Morning,zero,Morning,Chennai,Economy,1.1,13,39.9
Vistara,Bangalore,Early_Morning,one,Morning,Chennai,Economy,5.2,12,105.5
Indigo,Mumbai,Morning,one,Evening,Bangalore,Economy,6.4,32,24.3
Air_India,Hyderabad,Morning,two_or_more,Morning,Bangalore,Economy,22.2,3,175.5
Air_India,Hyderabad,Evening,one,Late_Night,Bangalore,Business,7.9,42,646.3
Vistara,Delhi,Early_Morning,one,Night,Bangalore,Business,13.4,11,651.1
Air_India,Chennai,Morning,one,Night,Mumbai,Economy,12.2,21,49.8
Air_India,Mumbai,Afternoon,one,Evening,Kolkata,Business,27.6,12,567.9
Air_India,Bangalore,Early_Morning,one,Night,Hyderabad,Business,17.4,14,645.0
Air_India,Hyderabad,Morning,one,Afternoon,Kolkata,Economy,24.8,30,86.2
Air_India,Hyderabad,Evening,one,Afternoon,Chennai,Business,20.4,46,589.2
Indigo,Mumbai,Evening,one,Night,Chennai,Economy,4.9,11,94.9
Vistara,Mumbai,Morning,zero,Afternoon,Delhi,Economy,2.2,34,26.7
Vistara,Kolkata,Early_Morning,two_or_more,Night,Bangalore,Economy,16.2,25,92.6
SpiceJet,Kolkata,Night,one,Night,Mumbai,Economy,26.2,41,68.9
Air_India,Hyderabad,Early_Morning,one,Night,Bangalore,Business,14.8,34,508.7
Vistara,Bangalore,Evening,one,Early_Morning,Mumbai,Business,13.1,27,765.2
Vistara,Mumbai,Night,one,Morning,Hyderabad,Business,12.8,20,663.8
Vistara,Chennai,Morning,one,Morning,Bangalore,Economy,23.1,4,133.0
Indigo,Delhi,Afternoon,one,Evening,Mumbai,Economy,6.0,43,27.5
Air_India,Mumbai,Morning,one,Afternoon,Delhi,Economy,6.4,25,70.4
Vistara,Kolkata,Evening,one,Morning,Chennai,Economy,15.2,33,64.6
Vistara,Bangalore,Evening,one,Late_Night,Delhi,Business,5.0,49,485.6
Vistara,Mumbai,Evening,zero,Evening,Chennai,Economy,2.1,26,33.1
Vistara,Delhi,Evening,one,Evening,Hyderabad,Economy,24.3,45,58.2
Vistara,Kolkata,Evening,one,Morning,Bangalore,Economy,17.1,21,92.6
Vistara,Chennai,Afternoon,one,Evening,Bangalore,Economy,31.0,22,82.7
SpiceJet,Delhi,Early_Morning,zero,Morning,Kolkata,Economy,2.1,13,71.6
Air_India,Delhi,Evening,one,Night,Hyderabad,Economy,26.9,28,67.9
SpiceJet,Chennai,Early_Morning,one,Morning,Delhi,Economy,27.2,27,46.2
Vistara,Delhi,Morning,zero,Morning,Mumbai,Economy,2.1,3,68.0
Air_India,Kolkata,Evening,one,Morning,Hyderabad,Economy,16.7,8,118.5
Vistara,Mumbai,Afternoon,one,Night,Delhi,Economy,7.2,31,101.5
Vistara,Kolkata,Evening,one,Afternoon,Mumbai,Economy,19.2,45,69.3
Vistara,Mumbai,Night,one,Afternoon,Hyderabad,Business,15.7,40,663.8
Air_India,Mumbai,Morning,zero,Morning,Bangalore,Business,1.7,41,236.2
Indigo,Hyderabad,Evening,one,Night,Chennai,Economy,6.8,16,43.1
Indigo,Delhi,Night,one,Early_Morning,Chennai,Economy,8.7,43,38.7
Vistara,Kolkata,Evening,one,Evening,Chennai,Economy,26.3,41,80.2
Vistara,Mumbai,Morning,one,Evening,Kolkata,Economy,10.8,49,67.9
Vistara,Mumbai,Early_Morning,one,Night,Hyderabad,Business,16.4,13,612.6
GO_FIRST,Kolkata,Afternoon,one,Night,Mumbai,Economy,9.0,49,67.2
AirAsia,Delhi,Evening,one,Late_Night,Kolkata,Economy,6.6,37,46.0
Vistara,Delhi,Morning,one,Evening,Chennai,Economy,9.6,7,131.6
Vistara,Kolkata,Night,one,Evening,Chennai,Business,23.3,12,633.8
Vistara,Mumbai,Evening,one,Morning,Bangalore,Business,14.5,47,789.9
Air_India,Mumbai,Afternoon,one,Morning,Hyderabad,Economy,18.9,28,47.7
Air_India,Kolkata,Early_Morning,one,Afternoon,Delhi,Economy,7.9,31,61.8
Vistara,Mumbai,Early_Morning,one,Afternoon,Delhi,Economy,9.3,21,59.7
Air_India,Mumbai,Early_Morning,one,Late_Night,Bangalore,Economy,17.2,7,105.1
Vistara,Bangalore,Early_Morning,one,Evening,Mumbai,Economy,12.1,49,75.0
Air_India,Bangalore,Early_Morning,one,Evening,Kolkata,Business,13.0,20,691.0
Vistara,Delhi,Afternoon,one,Early_Morning,Bangalore,Business,17.5,5,484.9
AirAsia,Hyderabad,Afternoon,one,Night,Mumbai,Economy,6.2,31,25.7
Vistara,Kolkata,Night,one,Evening,Bangalore,Business,21.2,48,597.1
Vistara,Hyderabad,Night,one,Evening,Kolkata,Economy,19.2,42,88.7
Vistara,Bangalore,Early_Morning,one,Evening,Hyderabad,Business,10.0,44,646.2
Air_India,Kolkata,Morning,one,Evening,Chennai,Business,8.6,23,639.3
Vistara,Kolkata,Morning,one,Evening,Bangalore,Economy,8.8,39,70.7
GO_FIRST,Mumbai,Evening,one,Morning,Bangalore,Economy,14.7,35,72.2
Vistara,Chennai,Night,one,Morning,Delhi,Economy,11.6,11,130.7
Air_India,Hyderabad,Evening,one,Morning,Bangalore,Economy,17.5,13,87.3
Air_India,Mumbai,Early_Morning,one,Evening,Chennai,Economy,13.5,11,148.2
AirAsia,Mumbai,Night,one,Afternoon,Bangalore,Economy,13.5,25,23.7
Vistara,Delhi,Evening,one,Afternoon,Hyderabad,Economy,18.5,8,112.4
Vistara,Bangalore,Evening,one,Late_Night,Delhi,Economy,5.2,35,46.9
Air_India,Hyderabad,Early_Morning,one,Night,Mumbai,Business,14.8,7,524.0
Vistara,Bangalore,Evening,one,Morning,Hyderabad,Economy,15.8,28,70.0
Vistara,Delhi,Early_Morning,zero,Morning,Kolkata,Business,2.1,49,329.7
GO_FIRST,Bangalore,Afternoon,one,Night,Hyderabad,Economy,6.7,16,67.9
Air_India,Mumbai,Early_Morning,one,Morning,Bangalore,Economy,24.9,10,105.1
Air_India,Bangalore,Evening,one,Evening,Mumbai,Economy,24.2,35,70.3
Vistara,Mumbai,Evening,one,Night,Hyderabad,Business,5.3,13,703.4
Vistara,Mumbai,Early_Morning,one,Evening,Bangalore,Business,12.8,32,623.6
Vistara,Mumbai,Afternoon,one,Morning,Kolkata,Business,18.9,9,708.6
Air_India,Kolkata,Night,one,Evening,Delhi,Economy,23.1,27,77.8
Vistara,Hyderabad,Night,one,Morning,Chennai,Economy,11.2,5,98.7
Indigo,Bangalore,Morning,one,Evening,Kolkata,Economy,7.9,43,74.8
Indigo,Mumbai,Evening,one,Late_Night,Bangalore,Economy,6.0,45,24.3
Air_India,Bangalore,Early_Morning,one,Evening,Mumbai,Economy,14.2,19,75.1
Vistara,Delhi,Night,one,Morning,Bangalore,Business,11.2,31,625.6
Air_India,Chennai,Morning,one,Evening,Mumbai,Economy,10.1,30,64.1
Vistara,Delhi,Afternoon,one,Night,Mumbai,Economy,6.0,37,71.9
AirAsia,Hyderabad,Evening,one,Late_Night,Kolkata,Economy,5.8,8,60.4
Vistara,Chennai,Night,one,Evening,Delhi,Business,23.2,5,862.3
Vistara,Mumbai,Early_Morning,one,Afternoon,Hyderabad,Business,6.6,21,523.1
Vistara,Bangalore,Morning,one,Evening,Kolkata,Business,10.4,36,591.8
Vistara,Bangalore,Early_Morning,two_or_more,Morning,Kolkata,Economy,25.8,29,104.8
Air_India,Bangalore,Evening,one,Late_Night,Delhi,Economy,8.7,31,69.3
Vistara,Hyderabad,Night,one,Evening,Delhi,Business,19.3,33,683.2
Vistara,Mumbai,Afternoon,one,Evening,Bangalore,Economy,6.4,25,73.7
Air_India,Delhi,Evening,one,Early_Morning,Chennai,Economy,14.8,21,42.6
Indigo,Kolkata,Afternoon,one,Late_Night,Delhi,Economy,8.8,11,90.8
Indigo,Chennai,Afternoon,zero,Evening,Hyderabad,Economy,1.3,25,17.7
Vistara,Mumbai,Afternoon,zero,Evening,Delhi,Economy,2.2,23,26.7
Air_India,Kolkata,Afternoon,one,Late_Night,Bangalore,Economy,8.7,39,85.4
Air_India,Kolkata,Afternoon,one,Morning,Hyderabad,Business,20.4,21,594.6
AirAsia,Delhi,Afternoon,two_or_more,Night,Bangalore,Economy,11.0,46,35.3
Vistara,Bangalore,Evening,one,Morning,Kolkata,Economy,15.2,7,151.9
Air_India,Delhi,Evening,one,Afternoon,Mumbai,Economy,20.8,1,147.8
Air_India,Delhi,Evening,one,Afternoon,Mumbai,Business,18.9,32,372.8
Air_India,Kolkata,Night,one,Morning,Hyderabad,Economy,14.0,26,53.9
Vistara,Delhi,Evening,zero,Evening,Mumbai,Business,2.3,14,342.5
Air_India,Mumbai,Afternoon,one,Night,Chennai,Business,8.2,46,566.6
Vistara,Hyderabad,Early_Morning,one,Afternoon,Mumbai,Economy,8.2,11,135.4
Vistara,Bangalore,Early_Morning,one,Night,Delhi,Business,14.0,45,651.9
Air_India,Hyderabad,Early_Morning,one,Morning,Mumbai,Economy,25.6,11,114.4
SpiceJet,Delhi,Evening,zero,Night,Mumbai,Economy,2.2,15,29.9
Vistara,Kolkata,Evening,one,Afternoon,Mumbai,Business,20.2,13,714.8
Vistara,Hyderabad,Morning,one,Night,Delhi,Economy,14.5,9,114.4
Indigo,Delhi,Early_Morning,zero,Morning,Hyderabad,Economy,2.3,47,24.0
Indigo,Mumbai,Morning,zero,Afternoon,Chennai,Economy,2.0,44,34.3
Air_India,Mumbai,Evening,one,Evening,Bangalore,Business,22.2,33,623.6
Indigo,Bangalore,Night,zero,Late_Night,Mumbai,Economy,1.9,12,59.1
Air_India,Delhi,Evening,zero,Night,Mumbai,Business,2.2,3,292.5
Vistara,Hyderabad,Evening,one,Morning,Delhi,Economy,16.2,8,131.2
Vistara,Bangalore,Early_Morning,one,Evening,Delhi,Business,11.4,10,626.3
Air_India,Kolkata,Morning,one,Night,Mumbai,Business,11.8,11,574.1
Vistara,Delhi,Afternoon,one,Evening,Bangalore,Economy,4.8,16,38.3
Vistara,Hyderabad,Afternoon,one,Night,Chennai,Economy,10.2,5,98.7
Indigo,Delhi,Morning,one,Evening,Mumbai,Economy,8.3,19,51.7
Air_India,Mumbai,Early_Morning,one,Early_Morning,Chennai,Economy,26.2,45,37.9
Vistara,Hyderabad,Morning,two_or_more,Night,Bangalore,Economy,10.1,42,73.8
GO_FIRST,Hyderabad,Early_Morning,one,Evening,Delhi,Economy,10.8,4,70.0
Air_India,Mumbai,Early_Morning,one,Night,Bangalore,Business,13.1,39,623.6
Indigo,Bangalore,Night,zero,Night,Hyderabad,Economy,1.2,34,19.6
Indigo,Kolkata,Afternoon,one,Late_Night,Bangalore,Economy,11.2,43,48.1
Vistara,Delhi,Night,one,Morning,Mumbai,Economy,13.6,46,71.9
Vistara,Chennai,Morning,one,Early_Morning,Bangalore,Economy,22.1,11,104.0
Vistara,Hyderabad,Morning,one,Night,Chennai,Economy,11.8,28,90.2
Air_India,Kolkata,Evening,one,Night,Delhi,Economy,6.5,1,174.8
SpiceJet,Kolkata,Morning,one,Evening,Mumbai,Economy,8.7,24,142.3
Vistara,Kolkata,Early_Morning,two_or_more,Night,Bangalore,Economy,13.2,44,92.6
Indigo,Delhi,Afternoon,one,Night,Chennai,Economy,8.2,41,54.0
Vistara,Delhi,Early_Morning,one,Night,Mumbai,Business,12.8,8,789.3
Air_India,Bangalore,Evening,one,Morning,Mumbai,Economy,14.8,29,42.4
Vistara,Mumbai,Early_Morning,zero,Early_Morning,Hyderabad,Business,1.5,42,201.0
Vistara,Delhi,Evening,one,Morning,Mumbai,Business,15.8,4,586.8
Indigo,Bangalore,Afternoon,zero,Evening,Hyderabad,Economy,1.7,15,62.7
Vistara,Bangalore,Morning,one,Evening,Chennai,Business,6.6,35,689.7
Vistara,Delhi,Morning,one,Morning,Mumbai,Economy,23.6,48,59.7
SpiceJet,Bangalore,Early_Morning,one,Afternoon,Mumbai,Economy,9.0,3,153.9
Air_India,Kolkata,Night,one,Morning,Bangalore,Economy,12.4,13,164.0
Indigo,Hyderabad,Evening,one,Late_Night,Kolkata,Economy,5.9,40,36.8
Vistara,Mumbai,Morning,one,Night,Bangalore,Business,11.7,32,789.9
Vistara,Delhi,Early_Morning,one,Night,Chennai,Business,15.6,38,687.8
Air_India,Bangalore,Evening,one,Evening,Delhi,Business,24.0,48,485.6
GO_FIRST,Mumbai,Evening,one,Morning,Hyderabad,Economy,14.5,12,48.7
Indigo,Delhi,Evening,one,Late_Night,Chennai,Economy,6.7,2,98.2
Vistara,Delhi,Morning,zero,Afternoon,Mumbai,Economy,2.3,15,30.8
AirAsia,Hyderabad,Afternoon,one,Late_Night,Kolkata,Economy,11.2,20,23.5
Indigo,Delhi,Night,one,Early_Morning,Mumbai,Economy,9.6,33,40.5
Vistara,Kolkata,Morning,two_or_more,Evening,Chennai,Economy,33.7,22,189.0
Air_India,Kolkata,Morning,one,Night,Delhi,Economy,12.3,7,108.9
Vistara,Hyderabad,Afternoon,one,Night,Mumbai,Business,6.7,9,766.6
Vistara,Mumbai,Afternoon,one,Night,Kolkata,Business,7.0,33,823.7
AirAsia,Kolkata,Night,one,Morning,Chennai,Economy,10.9,24,45.2
GO_FIRST,Hyderabad,Night,one,Early_Morning,Mumbai,Economy,11.7,36,43.0
AirAsia,Kolkata,Evening,zero,Evening,Bangalore,Economy,2.8,44,44.1
GO_FIRST,Mumbai,Evening,zero,Evening,Bangalore,Economy,1.7,34,24.3
Vistara,Kolkata,Evening,one,Morning,Chennai,Economy,15.2,37,64.6
Air_India,Hyderabad,Evening,zero,Evening,Delhi,Business,2.2,20,275.5
AirAsia,Bangalore,Morning,one,Evening,Delhi,Economy,7.6,26,31.1
Vistara,Mumbai,Early_Morning,one,Afternoon,Delhi,Economy,6.8,29,56.1
Vistara,Bangalore,Night,one,Afternoon,Hyderabad,Economy,14.6,22,60.8
Air_India,Delhi,Evening,one,Morning,Chennai,Business,15.9,47,516.8
Air_India,Chennai,Early_Morning,one,Afternoon,Mumbai,Business,6.7,46,565.9
Air_India,Delhi,Evening,one,Early_Morning,Chennai,Business,13.3,41,516.8
Indigo,Bangalore,Morning,one,Evening,Kolkata,Economy,7.8,17,59.1
Vistara,Mumbai,Morning,one,Night,Chennai,Business,12.3,29,707.3
Vistara,Kolkata,Evening,one,Night,Hyderabad,Business,28.2,35,595.8
Indigo,Kolkata,Afternoon,one,Evening,Chennai,Economy,5.9,49,47.6
Vistara,Delhi,Evening,zero,Evening,Bangalore,Business,2.8,28,375.2
Vistara,Bangalore,Morning,one,Evening,Kolkata,Economy,11.4,37,71.6
Indigo,Kolkata,Night,zero,Night,Delhi,Economy,2.5,32,45.7
Indigo,Delhi,Afternoon,one,Night,Chennai,Economy,8.2,31,54.0
Indigo,Delhi,Night,one,Early_Morning,Chennai,Economy,8.3,28,33.5
Air_India,Chennai,Early_Morning,one,Evening,Mumbai,Business,12.1,48,565.9
Vistara,Bangalore,Morning,one,Night,Delhi,Business,11.2,31,651.9
AirAsia,Bangalore,Evening,zero,Night,Mumbai,Economy,1.8,37,25.1
AirAsia,Mumbai,Afternoon,two_or_more,Late_Night,Kolkata,Economy,12.5,15,84.6
AirAsia,Kolkata,Evening,two_or_more,Morning,Mumbai,Economy,15.6,1,57.9
Vistara,Chennai,Night,one,Evening,Bangalore,Business,19.9,27,688.2
Vistara,Bangalore,Early_Morning,one,Evening,Mumbai,Economy,8.5,49,75.0
Vistara,Kolkata,Night,one,Night,Bangalore,Business,24.3,15,597.1
Vistara,Hyderabad,Afternoon,one,Night,Bangalore,Economy,7.0,34,73.8
Indigo,Kolkata,Early_Morning,one,Afternoon,Hyderabad,Economy,6.6,29,74.1
Vistara,Kolkata,Evening,one,Night,Chennai,Economy,28.0,45,67.5
Air_India,Hyderabad,Morning,one,Night,Bangalore,Business,8.8,14,646.3
Vistara,Mumbai,Early_Morning,one,Night,Hyderabad,Economy,13.9,36,38.1
